product_id,product_name,category,brand,supplier_id,unit_price
P0001,Product_1,Beverages,Patanjali,S023,1720
P0002,Product_2,Personal Care,,S035,352
P0003,Product_3,Household,Britannia,S034,1838
P0004,Product_4,Personal Care,Nestlé,S040,677
P0005,Product_5,Dairy,Nestlé,S015,968
P0006,Product_6,Groceries,,S050,271
P0007,Product_7,Beverages,,S034,2075
P0008,Product_8,Snacks,Amul,S031,1211
P0009,Product_9,Household,Britannia,S027,211
P0010,Product_10,Stationery,Patanjali,S015,1915
P0011,Product_11,Personal Care,Patanjali,S002,2494
P0012,Product_12,Frozen,Dabur,S035,552
P0013,Product_13,Personal Care,amul,S017,855
P0014,Product_14,Dairy,Britannia,S038,1117
P0015,Product_15,Frozen,,S014,1464
P0016,Product_16,Personal Care,,S011,2456
P0017,Product_17,Stationery,,S047,2022
P0018,Product_18,groceries,Nestlé,S028,2115
P0019,Product_19,Stationery,Dabur,S007,927
P0020,Product_20,Snacks,HUL,S042,405
P0021,Product_21,Groceries,Dabur,S026,2340
P0022,Product_22,Personal Care,Dabur,S041,2330
P0023,Product_23,Groceries,amul,S018,508
P0024,Product_24,Bakery,Dabur,S043,1711
P0025,Product_25,Household,Amul,S041,1463
P0026,Product_26,Groceries,Dabur,S037,1760
P0027,Product_27,Stationery,Patanjali,S031,1339
P0028,Product_28,Household,amul,S049,600
P0029,Product_29,Snacks,Britannia,S024,537
P0030,Product_30,Bakery,Amul,S046,345
P0031,Product_31,Household,Britannia,S017,1018
P0032,Product_32,Stationery,Dabur,S019,917
P0033,Product_33,Groceries,Dabur,S041,1522
P0034,Product_34,Frozen,Nestlé,S010,2358
P0035,Product_35,Groceries,Dabur,S039,2370
P0036,Product_36,Beverages,,S035,1437
P0037,Product_37,Personal Care,Nestlé,S005,1518
P0038,Product_38,Household,Britannia,S008,1975
P0039,Product_39,groceries,Dabur,S050,1621
P0040,Product_40,Household,Nestlé,S035,2151
P0041,Product_41,Household,amul,S013,634
P0042,Product_42,Personal Care,Dabur,S004,1821
P0043,Product_43,groceries,Britannia,S017,479
P0044,Product_44,Frozen,Britannia,S007,2099
P0045,Product_45,Stationery,Nestle,S042,1030
P0046,Product_46,Groceries,Patanjali,S032,509
P0047,Product_47,Snacks,HUL,S046,185
P0048,Product_48,Groceries,Patanjali,S027,2483
P0049,Product_49,Groceries,Britannia,S034,698
P0050,Product_50,Snacks,Nestlé,S033,263
P0051,Product_51,Household,Nestlé,S006,1450
P0052,Product_52,Bakery,Patanjali,S013,1435
P0053,Product_53,Groceries,Nestlé,S012,847
P0054,Product_54,Bakery,Amul,S035,2193
P0055,Product_55,Dairy,Nestlé,S024,2004
P0056,Product_56,Groceries,Dabur,S028,355
P0057,Product_57,Household,,S020,942
P0058,Product_58,Personal Care,Nestlé,S042,1043
P0059,Product_59,Snacks,,S031,586
P0060,Product_60,Groceries,Patanjali,S042,178
P0061,Product_61,Household,Dabur,S002,1538
P0062,Product_62,Beverages,Nestle,S032,943
P0063,Product_63,Frozen,Nestlé,S001,1512
P0064,Product_64,Household,amul,S036,589
P0065,Product_65,Beverages,Nestle,S015,1426
P0066,Product_66,Snacks,Amul,S022,1719
P0067,Product_67,groceries,Amul,S020,1636
P0068,Product_68,Frozen,Dabur,S004,707
P0069,Product_69,groceries,amul,S042,2152
P0070,Product_70,Snacks,Britannia,S035,780
P0071,Product_71,Stationery,amul,S017,2223
P0072,Product_72,Bakery,Nestlé,S019,2301
P0073,Product_73,Bakery,HUL,S005,2005
P0074,Product_74,Groceries,HUL,S013,1171
P0075,Product_75,Household,,S001,1476
P0076,Product_76,Snacks,,S014,85
P0077,Product_77,groceries,Britannia,S014,139
P0078,Product_78,Stationery,amul,S050,1782
P0079,Product_79,Personal Care,Dabur,S028,550
P0080,Product_80,Frozen,Britannia,S012,1378
P0081,Product_81,Groceries,Nestle,S037,2350
P0082,Product_82,groceries,Amul,S036,1619
P0083,Product_83,Stationery,Nestle,S011,2267
P0084,Product_84,Snacks,Britannia,S023,2132
P0085,Product_85,Dairy,,S035,1863
P0086,Product_86,Household,Patanjali,S049,1379
P0087,Product_87,Dairy,Dabur,S042,1266
P0088,Product_88,Stationery,HUL,S032,815
P0089,Product_89,Groceries,Nestle,S032,613
P0090,Product_90,groceries,Dabur,S035,703
P0091,Product_91,Beverages,Nestlé,S015,1552
P0092,Product_92,Frozen,amul,S004,2497
P0093,Product_93,Dairy,Dabur,S048,2357
P0094,Product_94,Beverages,Britannia,S029,1478
P0095,Product_95,Stationery,,S008,1410
P0096,Product_96,Personal Care,amul,S044,2347
P0097,Product_97,groceries,HUL,S048,1411
P0098,Product_98,Household,Amul,S015,267
P0099,Product_99,Groceries,Nestlé,S008,1877
P0100,Product_100,Stationery,Nestlé,S020,887
P0101,Product_101,Beverages,Nestlé,S011,1619
P0102,Product_102,groceries,,S020,1262
P0103,Product_103,Snacks,amul,S038,821
P0104,Product_104,Personal Care,Nestlé,S017,928
P0105,Product_105,Beverages,Patanjali,S028,1348
P0106,Product_106,Personal Care,,S015,1162
P0107,Product_107,Stationery,Patanjali,S025,2390
P0108,Product_108,Frozen,amul,S039,1022
P0109,Product_109,Snacks,Nestle,S012,605
P0110,Product_110,Household,Britannia,S011,1321
P0111,Product_111,Snacks,amul,S005,947
P0112,Product_112,groceries,Dabur,S037,2395
P0113,Product_113,Frozen,Nestlé,S007,1246
P0114,Product_114,Snacks,Patanjali,S023,1881
P0115,Product_115,Frozen,Patanjali,S002,1249
P0116,Product_116,Personal Care,Nestle,S032,1344
P0117,Product_117,Snacks,Nestlé,S050,171
P0118,Product_118,Stationery,Nestlé,S001,988
P0119,Product_119,Beverages,Patanjali,S050,2347
P0120,Product_120,Dairy,Britannia,S025,1240
P0121,Product_121,Groceries,,S028,1904
P0122,Product_122,Bakery,Dabur,S025,475
P0123,Product_123,Bakery,Patanjali,S024,1859
P0124,Product_124,Dairy,Nestlé,S035,854
P0125,Product_125,Dairy,Dabur,S015,311
P0126,Product_126,Frozen,amul,S001,987
P0127,Product_127,Dairy,,S046,1183
P0128,Product_128,Dairy,Dabur,S017,2018
P0129,Product_129,Household,Nestle,S027,447
P0130,Product_130,Dairy,Dabur,S025,670
P0131,Product_131,Dairy,Nestlé,S033,1794
P0132,Product_132,Groceries,,S047,1297
P0133,Product_133,Frozen,Patanjali,S022,1904
P0134,Product_134,Frozen,Nestlé,S040,1345
P0135,Product_135,groceries,Nestle,S035,1802
P0136,Product_136,groceries,amul,S032,612
P0137,Product_137,Stationery,HUL,S007,884
P0138,Product_138,Beverages,,S047,1812
P0139,Product_139,Frozen,amul,S031,924
P0140,Product_140,Dairy,amul,S005,2329
P0141,Product_141,Frozen,Dabur,S004,289
P0142,Product_142,groceries,Dabur,S026,1889
P0143,Product_143,Stationery,Britannia,S018,1693
P0144,Product_144,groceries,HUL,S029,623
P0145,Product_145,Groceries,Dabur,S014,410
P0146,Product_146,Stationery,Amul,S035,1480
P0147,Product_147,Stationery,Nestle,S013,1030
P0148,Product_148,Snacks,Nestle,S013,840
P0149,Product_149,Beverages,amul,S013,1292
P0150,Product_150,Bakery,Amul,S018,219
P0151,Product_151,Groceries,Nestlé,S034,344
P0152,Product_152,Dairy,HUL,S003,1420
P0153,Product_153,groceries,Britannia,S048,1025
P0154,Product_154,Beverages,Amul,S001,1024
P0155,Product_155,Dairy,Amul,S012,983
P0156,Product_156,Beverages,Nestlé,S036,2007
P0157,Product_157,Household,Nestle,S008,2476
P0158,Product_158,Frozen,,S009,1866
P0159,Product_159,Dairy,Nestle,S012,1054
P0160,Product_160,Beverages,Dabur,S048,699
P0161,Product_161,Snacks,Amul,S046,338
P0162,Product_162,Frozen,HUL,S044,1896
P0163,Product_163,groceries,amul,S044,2188
P0164,Product_164,Bakery,Patanjali,S043,2430
P0165,Product_165,Dairy,HUL,S027,1035
P0166,Product_166,Household,Patanjali,S030,1018
P0167,Product_167,Frozen,HUL,S011,362
P0168,Product_168,Bakery,,S021,2034
P0169,Product_169,Household,Nestlé,S020,2068
P0170,Product_170,Beverages,Amul,S022,2025
P0171,Product_171,Stationery,Nestlé,S002,912
P0172,Product_172,Bakery,HUL,S013,2075
P0173,Product_173,groceries,,S016,1991
P0174,Product_174,Personal Care,amul,S033,2414
P0175,Product_175,Dairy,Patanjali,S008,616
P0176,Product_176,Beverages,Nestlé,S006,2395
P0177,Product_177,Household,Dabur,S010,1082
P0178,Product_178,Dairy,HUL,S011,64
P0179,Product_179,Personal Care,Nestlé,S011,909
P0180,Product_180,Beverages,Patanjali,S016,424
P0181,Product_181,Groceries,amul,S035,1469
P0182,Product_182,Stationery,Amul,S035,1180
P0183,Product_183,Frozen,amul,S030,478
P0184,Product_184,Bakery,Nestlé,S019,2071
P0185,Product_185,Household,Patanjali,S025,544
P0186,Product_186,Beverages,Nestle,S012,1017
P0187,Product_187,Dairy,Nestle,S005,900
P0188,Product_188,Beverages,Dabur,S047,2230
P0189,Product_189,Household,HUL,S027,1875
P0190,Product_190,Groceries,HUL,S017,2021
P0191,Product_191,Personal Care,Nestlé,S007,210
P0192,Product_192,Bakery,Dabur,S046,2094
P0193,Product_193,groceries,HUL,S015,2324
P0194,Product_194,Dairy,Nestle,S003,845
P0195,Product_195,Bakery,Nestlé,S018,1558
P0196,Product_196,Personal Care,amul,S019,2418
P0197,Product_197,Dairy,Dabur,S044,2034
P0198,Product_198,groceries,Nestlé,S015,1201
P0199,Product_199,Bakery,Britannia,S005,924
P0200,Product_200,Groceries,,S029,2040
P0201,Product_201,Stationery,,S045,204
P0202,Product_202,Personal Care,Nestlé,S026,1989
P0203,Product_203,Stationery,Patanjali,S009,283
P0204,Product_204,Personal Care,Nestle,S031,2246
P0205,Product_205,Bakery,,S021,2471
P0206,Product_206,Bakery,Patanjali,S028,95
P0207,Product_207,Bakery,Amul,S026,1579
P0208,Product_208,Bakery,Nestle,S010,939
P0209,Product_209,Stationery,HUL,S003,44
P0210,Product_210,Dairy,,S015,1255
P0211,Product_211,Bakery,,S050,1993
P0212,Product_212,Dairy,Nestle,S031,1466
P0213,Product_213,Stationery,amul,S016,1740
P0214,Product_214,Personal Care,Nestle,S044,460
P0215,Product_215,Frozen,HUL,S027,503
P0216,Product_216,Frozen,amul,S011,557
P0217,Product_217,Groceries,HUL,S041,448
P0218,Product_218,Frozen,Nestle,S009,304
P0219,Product_219,Snacks,Britannia,S049,875
P0220,Product_220,Snacks,Patanjali,S030,1960
P0221,Product_221,Stationery,amul,S021,221
P0222,Product_222,Bakery,Dabur,S038,1746
P0223,Product_223,groceries,Nestlé,S034,831
P0224,Product_224,Groceries,HUL,S007,2127
P0225,Product_225,groceries,Nestlé,S028,1933
P0226,Product_226,Frozen,Dabur,S044,257
P0227,Product_227,Beverages,HUL,S019,254
P0228,Product_228,groceries,,S027,220
P0229,Product_229,Dairy,Patanjali,S028,918
P0230,Product_230,Frozen,amul,S003,1480
P0231,Product_231,Snacks,Britannia,S003,2488
P0232,Product_232,Dairy,Britannia,S013,2193
P0233,Product_233,Household,Dabur,S019,1690
P0234,Product_234,Personal Care,Britannia,S022,2466
P0235,Product_235,Bakery,Amul,S011,2054
P0236,Product_236,Dairy,Nestlé,S043,773
P0237,Product_237,Stationery,Amul,S041,2270
P0238,Product_238,Dairy,Britannia,S046,323
P0239,Product_239,Personal Care,,S028,1965
P0240,Product_240,Beverages,HUL,S012,2377
P0241,Product_241,Household,,S039,758
P0242,Product_242,Frozen,Dabur,S015,707
P0243,Product_243,Household,Nestlé,S022,2104
P0244,Product_244,groceries,HUL,S034,1276
P0245,Product_245,Snacks,,S042,2051
P0246,Product_246,Beverages,Amul,S034,2355
P0247,Product_247,Dairy,,S026,2003
P0248,Product_248,Groceries,Nestlé,S011,25
P0249,Product_249,Frozen,Nestlé,S003,1195
P0250,Product_250,Snacks,Dabur,S039,2212
P0251,Product_251,Dairy,Britannia,S030,663
P0252,Product_252,Household,Patanjali,S047,2015
P0253,Product_253,Dairy,Dabur,S028,542
P0254,Product_254,Groceries,,S035,959
P0255,Product_255,Bakery,Amul,S025,1191
P0256,Product_256,Personal Care,Amul,S005,331
P0257,Product_257,Snacks,Patanjali,S021,451
P0258,Product_258,Stationery,Britannia,S007,2375
P0259,Product_259,Bakery,Amul,S049,1152
P0260,Product_260,Dairy,Dabur,S006,903
P0261,Product_261,groceries,HUL,S044,1931
P0262,Product_262,Household,Nestle,S035,1038
P0263,Product_263,Stationery,Patanjali,S024,724
P0264,Product_264,Stationery,Nestlé,S038,201
P0265,Product_265,Snacks,Nestlé,S008,1524
P0266,Product_266,Dairy,Nestle,S008,1147
P0267,Product_267,Personal Care,HUL,S029,366
P0268,Product_268,Snacks,,S015,1022
P0269,Product_269,Snacks,Nestlé,S045,293
P0270,Product_270,Beverages,HUL,S010,1191
P0271,Product_271,Stationery,amul,S011,1363
P0272,Product_272,Personal Care,Nestle,S016,1433
P0273,Product_273,Frozen,Britannia,S015,2250
P0274,Product_274,Personal Care,HUL,S008,184
P0275,Product_275,Frozen,Amul,S023,1626
P0276,Product_276,Stationery,,S004,1597
P0277,Product_277,Beverages,Amul,S002,1790
P0278,Product_278,Frozen,Dabur,S031,1592
P0279,Product_279,Personal Care,Dabur,S018,942
P0280,Product_280,Stationery,HUL,S029,907
P0281,Product_281,Bakery,Nestle,S026,1126
P0282,Product_282,Stationery,Amul,S007,731
P0283,Product_283,Household,Dabur,S020,1737
P0284,Product_284,Snacks,Britannia,S005,1808
P0285,Product_285,Dairy,Nestle,S046,1026
P0286,Product_286,Snacks,Britannia,S036,232
P0287,Product_287,Personal Care,amul,S001,1954
P0288,Product_288,Beverages,,S006,279
P0289,Product_289,Frozen,Nestle,S027,592
P0290,Product_290,Beverages,Amul,S039,2173
P0291,Product_291,Groceries,Patanjali,S041,1103
P0292,Product_292,Stationery,Britannia,S008,190
P0293,Product_293,Snacks,amul,S005,1126
P0294,Product_294,Frozen,HUL,S016,2398
P0295,Product_295,Snacks,Nestlé,S049,1573
P0296,Product_296,Personal Care,Britannia,S050,2327
P0297,Product_297,groceries,Nestle,S020,722
P0298,Product_298,Beverages,amul,S049,1222
P0299,Product_299,Snacks,,S021,1207
P0300,Product_300,Snacks,Nestlé,S047,832
P0301,Product_301,Stationery,,S049,1505
P0302,Product_302,groceries,,S009,1607
P0303,Product_303,Personal Care,Nestle,S016,186
P0304,Product_304,Beverages,Nestlé,S046,2285
P0305,Product_305,Snacks,Patanjali,S007,851
P0306,Product_306,Bakery,Britannia,S018,833
P0307,Product_307,Snacks,Nestlé,S050,1191
P0308,Product_308,Bakery,Britannia,S048,404
P0309,Product_309,Snacks,HUL,S045,1841
P0310,Product_310,Bakery,HUL,S014,1155
P0311,Product_311,Personal Care,HUL,S035,1118
P0312,Product_312,Dairy,Dabur,S002,2093
P0313,Product_313,Frozen,amul,S050,1629
P0314,Product_314,Personal Care,Dabur,S043,169
P0315,Product_315,Groceries,Nestlé,S011,1601
P0316,Product_316,Frozen,Dabur,S029,2297
P0317,Product_317,Household,HUL,S042,192
P0318,Product_318,Beverages,Britannia,S011,692
P0319,Product_319,Snacks,HUL,S010,70
P0320,Product_320,Frozen,Britannia,S001,2012
P0321,Product_321,Dairy,Nestle,S040,1613
P0322,Product_322,Snacks,Britannia,S010,863
P0323,Product_323,Dairy,amul,S045,1937
P0324,Product_324,Bakery,Patanjali,S002,1325
P0325,Product_325,Personal Care,Britannia,S015,770
P0326,Product_326,Stationery,Dabur,S012,1923
P0327,Product_327,Bakery,Britannia,S003,614
P0328,Product_328,Beverages,Nestlé,S005,2414
P0329,Product_329,Dairy,Nestle,S023,1417
P0330,Product_330,Dairy,Nestle,S033,1585
P0331,Product_331,Beverages,,S035,882
P0332,Product_332,Bakery,Patanjali,S031,1036
P0333,Product_333,groceries,Patanjali,S047,2037
P0334,Product_334,Beverages,Dabur,S043,177
P0335,Product_335,Stationery,Nestle,S018,790
P0336,Product_336,Snacks,Dabur,S007,1591
P0337,Product_337,Groceries,Patanjali,S048,973
P0338,Product_338,Snacks,amul,S048,1701
P0339,Product_339,Frozen,Nestle,S023,1670
P0340,Product_340,Groceries,HUL,S002,2143
P0341,Product_341,Groceries,Amul,S038,1928
P0342,Product_342,Beverages,amul,S050,96
P0343,Product_343,Snacks,Amul,S042,141
P0344,Product_344,Dairy,Patanjali,S048,1270
P0345,Product_345,Dairy,Nestle,S038,201
P0346,Product_346,Personal Care,Nestle,S047,1050
P0347,Product_347,Beverages,amul,S016,277
P0348,Product_348,groceries,,S010,676
P0349,Product_349,Snacks,Nestle,S008,1334
P0350,Product_350,Frozen,Nestlé,S039,766
P0351,Product_351,Groceries,Dabur,S010,2463
P0352,Product_352,Frozen,Dabur,S013,175
P0353,Product_353,Beverages,HUL,S048,794
P0354,Product_354,Personal Care,Nestle,S045,1721
P0355,Product_355,Personal Care,Dabur,S020,1911
P0356,Product_356,Dairy,HUL,S005,1070
P0357,Product_357,Snacks,Amul,S005,1314
P0358,Product_358,Bakery,,S019,2293
P0359,Product_359,groceries,Patanjali,S032,2490
P0360,Product_360,Stationery,HUL,S016,286
P0361,Product_361,Dairy,HUL,S050,1758
P0362,Product_362,Frozen,,S019,2328
P0363,Product_363,Groceries,Nestle,S008,2258
P0364,Product_364,Frozen,,S001,2413
P0365,Product_365,Stationery,Nestle,S046,2079
P0366,Product_366,Frozen,Dabur,S034,1951
P0367,Product_367,Bakery,Britannia,S015,679
P0368,Product_368,Groceries,Patanjali,S031,2273
P0369,Product_369,Frozen,Nestle,S031,976
P0370,Product_370,Snacks,Amul,S049,1583
P0371,Product_371,Household,,S027,2072
P0372,Product_372,Beverages,amul,S036,2238
P0373,Product_373,Bakery,Amul,S030,2009
P0374,Product_374,Bakery,HUL,S035,2469
P0375,Product_375,Frozen,Dabur,S014,2296
P0376,Product_376,Frozen,Nestlé,S019,437
P0377,Product_377,Bakery,amul,S007,1904
P0378,Product_378,Personal Care,,S011,1367
P0379,Product_379,Groceries,Amul,S018,2339
P0380,Product_380,Snacks,Britannia,S018,2024
P0381,Product_381,groceries,HUL,S034,590
P0382,Product_382,Dairy,Nestlé,S023,1324
P0383,Product_383,Personal Care,Dabur,S026,1072
P0384,Product_384,groceries,HUL,S018,1880
P0385,Product_385,Dairy,Amul,S047,380
P0386,Product_386,Dairy,Nestle,S041,1682
P0387,Product_387,Frozen,,S004,2087
P0388,Product_388,Groceries,amul,S028,525
P0389,Product_389,Frozen,Britannia,S031,30
P0390,Product_390,Beverages,Britannia,S017,774
P0391,Product_391,Groceries,Dabur,S011,854
P0392,Product_392,Personal Care,Nestlé,S027,2129
P0393,Product_393,Personal Care,Britannia,S005,2204
P0394,Product_394,Bakery,Britannia,S048,1956
P0395,Product_395,Bakery,Britannia,S036,763
P0396,Product_396,Household,Nestle,S034,690
P0397,Product_397,Snacks,amul,S017,2126
P0398,Product_398,Bakery,HUL,S037,2067
P0399,Product_399,Groceries,Nestle,S042,1163
P0400,Product_400,Dairy,Dabur,S047,628
P0401,Product_401,Bakery,amul,S021,1944
P0402,Product_402,Personal Care,Dabur,S034,1355
P0403,Product_403,Bakery,Nestlé,S029,2066
P0404,Product_404,Groceries,Nestlé,S004,198
P0405,Product_405,Dairy,amul,S025,483
P0406,Product_406,Beverages,Nestle,S027,2454
P0407,Product_407,Household,,S019,400
P0408,Product_408,Snacks,Nestle,S024,1482
P0409,Product_409,Beverages,HUL,S011,1920
P0410,Product_410,Stationery,Dabur,S044,850
P0411,Product_411,Dairy,Amul,S022,723
P0412,Product_412,Bakery,Nestle,S005,948
P0413,Product_413,Beverages,Nestle,S041,1213
P0414,Product_414,Snacks,amul,S042,2230
P0415,Product_415,Snacks,Patanjali,S035,1247
P0416,Product_416,Dairy,Patanjali,S019,1867
P0417,Product_417,Household,amul,S046,2133
P0418,Product_418,Stationery,Nestle,S048,1871
P0419,Product_419,Frozen,,S039,693
P0420,Product_420,Personal Care,HUL,S012,2379
P0421,Product_421,Snacks,Dabur,S050,1789
P0422,Product_422,Household,Britannia,S015,1818
P0423,Product_423,Dairy,Nestlé,S030,1799
P0424,Product_424,Snacks,Nestlé,S034,793
P0425,Product_425,Frozen,Dabur,S047,466
P0426,Product_426,Frozen,amul,S006,536
P0427,Product_427,Dairy,Patanjali,S035,194
P0428,Product_428,Household,Amul,S044,624
P0429,Product_429,groceries,Britannia,S038,1285
P0430,Product_430,Snacks,amul,S038,434
P0431,Product_431,Frozen,HUL,S013,2105
P0432,Product_432,Household,Nestle,S031,99
P0433,Product_433,groceries,Nestle,S024,2274
P0434,Product_434,Groceries,,S018,1650
P0435,Product_435,Groceries,Nestle,S039,357
P0436,Product_436,Snacks,Britannia,S040,1549
P0437,Product_437,Stationery,,S033,270
P0438,Product_438,Groceries,Patanjali,S004,1156
P0439,Product_439,Personal Care,Britannia,S010,2016
P0440,Product_440,groceries,,S038,2385
P0441,Product_441,Bakery,Nestle,S034,1097
P0442,Product_442,Bakery,amul,S025,1834
P0443,Product_443,Frozen,HUL,S018,2094
P0444,Product_444,Personal Care,HUL,S010,1043
P0445,Product_445,Dairy,Nestlé,S046,1375
P0446,Product_446,groceries,HUL,S008,2302
P0447,Product_447,Dairy,Patanjali,S034,953
P0448,Product_448,Household,Britannia,S037,532
P0449,Product_449,Snacks,Nestle,S028,263
P0450,Product_450,Personal Care,HUL,S026,1684
P0451,Product_451,Beverages,Amul,S045,2072
P0452,Product_452,Groceries,Patanjali,S006,1382
P0453,Product_453,Stationery,Britannia,S033,647
P0454,Product_454,Personal Care,HUL,S028,1240
P0455,Product_455,Bakery,Amul,S041,1906
P0456,Product_456,Household,Nestlé,S040,1156
P0457,Product_457,Personal Care,Nestle,S015,626
P0458,Product_458,Bakery,Patanjali,S031,1822
P0459,Product_459,Beverages,Nestlé,S040,184
P0460,Product_460,Frozen,HUL,S021,1836
P0461,Product_461,Groceries,Patanjali,S014,962
P0462,Product_462,Beverages,Nestle,S021,875
P0463,Product_463,Snacks,Nestlé,S005,207
P0464,Product_464,Bakery,HUL,S003,1503
P0465,Product_465,Frozen,Nestle,S042,870
P0466,Product_466,Stationery,Amul,S011,1543
P0467,Product_467,Bakery,Nestlé,S025,1026
P0468,Product_468,Snacks,HUL,S045,2249
P0469,Product_469,Beverages,Britannia,S030,1803
P0470,Product_470,Stationery,Nestle,S007,1402
P0471,Product_471,Household,Dabur,S012,118
P0472,Product_472,Snacks,Nestle,S004,170
P0473,Product_473,Dairy,Patanjali,S039,172
P0474,Product_474,Household,Nestlé,S007,417
P0475,Product_475,Dairy,Nestle,S028,1954
P0476,Product_476,Personal Care,HUL,S001,81
P0477,Product_477,Bakery,amul,S041,391
P0478,Product_478,Personal Care,Dabur,S018,1310
P0479,Product_479,groceries,amul,S036,1887
P0480,Product_480,Stationery,,S040,1623
P0481,Product_481,Personal Care,Amul,S028,335
P0482,Product_482,Bakery,,S016,1044
P0483,Product_483,groceries,Patanjali,S018,1943
P0484,Product_484,Frozen,Patanjali,S008,148
P0485,Product_485,Personal Care,Nestle,S032,1465
P0486,Product_486,groceries,,S007,2134
P0487,Product_487,Household,Dabur,S023,1992
P0488,Product_488,Stationery,Nestlé,S025,2252
P0489,Product_489,Bakery,Patanjali,S006,2261
P0490,Product_490,Snacks,Britannia,S001,2461
P0491,Product_491,Bakery,Britannia,S003,1743
P0492,Product_492,Beverages,,S010,904
P0493,Product_493,Snacks,HUL,S035,2482
P0494,Product_494,Snacks,amul,S027,1615
P0495,Product_495,Household,Nestlé,S031,1335
P0496,Product_496,Stationery,Dabur,S006,1916
P0497,Product_497,Stationery,Nestle,S035,677
P0498,Product_498,Stationery,Britannia,S032,1300
P0499,Product_499,Stationery,Britannia,S019,1224
P0500,Product_500,Beverages,Nestle,S029,2445
P0501,Product_501,Frozen,HUL,S005,1817
P0502,Product_502,Groceries,HUL,S030,1112
P0503,Product_503,Snacks,Britannia,S002,869
P0504,Product_504,Frozen,Amul,S029,424
P0505,Product_505,Bakery,Dabur,S013,489
P0506,Product_506,Stationery,Britannia,S016,1181
P0507,Product_507,Personal Care,Dabur,S028,714
P0508,Product_508,Dairy,Britannia,S005,981
P0509,Product_509,Bakery,Patanjali,S038,747
P0510,Product_510,Personal Care,Britannia,S022,736
P0511,Product_511,Beverages,HUL,S046,234
P0512,Product_512,Household,Dabur,S011,2328
P0513,Product_513,Bakery,Nestlé,S045,269
P0514,Product_514,Household,Dabur,S015,2146
P0515,Product_515,Frozen,Dabur,S020,799
P0516,Product_516,Dairy,Amul,S032,719
P0517,Product_517,Frozen,Dabur,S040,459
P0518,Product_518,Frozen,Nestlé,S039,1707
P0519,Product_519,Stationery,amul,S038,1793
P0520,Product_520,Frozen,HUL,S004,631
P0521,Product_521,Dairy,Nestlé,S029,1630
P0522,Product_522,Snacks,Britannia,S013,278
P0523,Product_523,Beverages,Britannia,S003,1753
P0524,Product_524,Dairy,,S029,482
P0525,Product_525,Dairy,amul,S019,1788
P0526,Product_526,Bakery,,S033,932
P0527,Product_527,Dairy,,S030,1703
P0528,Product_528,Dairy,Patanjali,S027,1830
P0529,Product_529,Dairy,Amul,S036,1986
P0530,Product_530,Stationery,Dabur,S050,583
P0531,Product_531,Snacks,Britannia,S022,2039
P0532,Product_532,Snacks,,S040,2289
P0533,Product_533,Stationery,Patanjali,S037,1480
P0534,Product_534,Household,Amul,S019,1950
P0535,Product_535,Frozen,Britannia,S005,2283
P0536,Product_536,Stationery,Nestle,S022,619
P0537,Product_537,Stationery,Dabur,S037,359
P0538,Product_538,Personal Care,Britannia,S045,1986
P0539,Product_539,Groceries,Nestle,S002,753
P0540,Product_540,Frozen,Nestlé,S042,675
P0541,Product_541,Bakery,Nestlé,S040,1263
P0542,Product_542,Dairy,amul,S048,1964
P0543,Product_543,Stationery,amul,S019,524
P0544,Product_544,Beverages,Dabur,S002,2403
P0545,Product_545,Groceries,Dabur,S042,2249
P0546,Product_546,Dairy,Nestlé,S050,628
P0547,Product_547,Stationery,Patanjali,S043,2492
P0548,Product_548,Beverages,Dabur,S008,1491
P0549,Product_549,groceries,Britannia,S014,1109
P0550,Product_550,Household,Britannia,S030,2366
P0551,Product_551,Household,Nestlé,S034,1039
P0552,Product_552,Groceries,Amul,S024,1928
P0553,Product_553,Frozen,amul,S018,2298
P0554,Product_554,Frozen,Nestlé,S027,522
P0555,Product_555,groceries,Nestlé,S014,2425
P0556,Product_556,Dairy,amul,S049,521
P0557,Product_557,Beverages,HUL,S019,740
P0558,Product_558,Groceries,HUL,S008,2099
P0559,Product_559,Beverages,amul,S030,1726
P0560,Product_560,Personal Care,Nestle,S038,659
P0561,Product_561,Beverages,Patanjali,S023,1175
P0562,Product_562,groceries,Patanjali,S026,611
P0563,Product_563,groceries,Amul,S022,27
P0564,Product_564,Dairy,Dabur,S035,2257
P0565,Product_565,Bakery,HUL,S034,474
P0566,Product_566,Groceries,,S009,1274
P0567,Product_567,Household,Nestlé,S041,97
P0568,Product_568,Groceries,HUL,S039,598
P0569,Product_569,Personal Care,Nestlé,S044,556
P0570,Product_570,Stationery,Nestle,S009,978
P0571,Product_571,Household,Britannia,S025,1929
P0572,Product_572,Snacks,Britannia,S027,313
P0573,Product_573,Bakery,Dabur,S018,1880
P0574,Product_574,Frozen,Nestle,S019,1791
P0575,Product_575,Dairy,Dabur,S002,2161
P0576,Product_576,Bakery,HUL,S022,1760
P0577,Product_577,Personal Care,Nestle,S019,1788
P0578,Product_578,Household,Patanjali,S029,2291
P0579,Product_579,Dairy,Nestle,S046,920
P0580,Product_580,Household,Amul,S037,762
P0581,Product_581,Frozen,Britannia,S033,2435
P0582,Product_582,Dairy,Dabur,S035,752
P0583,Product_583,Stationery,amul,S009,2408
P0584,Product_584,Frozen,Nestlé,S020,2451
P0585,Product_585,Beverages,,S044,695
P0586,Product_586,groceries,Patanjali,S012,2284
P0587,Product_587,Personal Care,Dabur,S029,513
P0588,Product_588,Snacks,Britannia,S001,317
P0589,Product_589,Beverages,Amul,S026,184
P0590,Product_590,Personal Care,Nestle,S045,1945
P0591,Product_591,Snacks,Nestlé,S034,1588
P0592,Product_592,groceries,amul,S019,1268
P0593,Product_593,Personal Care,amul,S027,192
P0594,Product_594,Household,Patanjali,S036,2469
P0595,Product_595,Frozen,HUL,S034,2457
P0596,Product_596,Frozen,Nestlé,S028,1722
P0597,Product_597,Beverages,HUL,S032,1686
P0598,Product_598,Dairy,Nestle,S041,1301
P0599,Product_599,Bakery,Nestle,S046,469
P0600,Product_600,Dairy,Amul,S007,1670
P0601,Product_601,Bakery,HUL,S022,1207
P0602,Product_602,Frozen,Patanjali,S034,1360
P0603,Product_603,Frozen,Nestle,S004,490
P0604,Product_604,Frozen,Dabur,S016,410
P0605,Product_605,Dairy,,S023,1138
P0606,Product_606,Beverages,amul,S028,1900
P0607,Product_607,Frozen,Nestlé,S033,1490
P0608,Product_608,Beverages,Nestlé,S050,1621
P0609,Product_609,Frozen,,S019,1456
P0610,Product_610,Groceries,amul,S005,52
P0611,Product_611,Frozen,,S031,2040
P0612,Product_612,Groceries,Amul,S026,593
P0613,Product_613,groceries,Dabur,S012,2200
P0614,Product_614,Frozen,Dabur,S005,2317
P0615,Product_615,Groceries,Patanjali,S048,44
P0616,Product_616,Bakery,Patanjali,S016,1897
P0617,Product_617,groceries,Nestlé,S034,774
P0618,Product_618,Groceries,Dabur,S012,1926
P0619,Product_619,Frozen,Nestlé,S034,467
P0620,Product_620,Personal Care,HUL,S008,891
P0621,Product_621,Stationery,HUL,S022,2033
P0622,Product_622,Household,Britannia,S004,1971
P0623,Product_623,Household,Nestle,S040,1149
P0624,Product_624,Bakery,Nestle,S002,1921
P0625,Product_625,Personal Care,,S001,1637
P0626,Product_626,Stationery,Nestle,S040,1577
P0627,Product_627,Household,,S019,1697
P0628,Product_628,Household,amul,S032,634
P0629,Product_629,groceries,Patanjali,S013,112
P0630,Product_630,Frozen,Dabur,S040,1523
P0631,Product_631,Bakery,Dabur,S001,995
P0632,Product_632,Stationery,amul,S009,2074
P0633,Product_633,Beverages,HUL,S031,1810
P0634,Product_634,Frozen,,S023,1239
P0635,Product_635,Groceries,,S033,1412
P0636,Product_636,Stationery,HUL,S018,175
P0637,Product_637,Household,,S048,1922
P0638,Product_638,Snacks,,S037,159
P0639,Product_639,groceries,HUL,S001,2197
P0640,Product_640,Groceries,amul,S028,1407
P0641,Product_641,Household,HUL,S039,2459
P0642,Product_642,Frozen,Amul,S002,1125
P0643,Product_643,Stationery,Patanjali,S035,306
P0644,Product_644,Groceries,HUL,S008,132
P0645,Product_645,groceries,,S027,1381
P0646,Product_646,Dairy,Dabur,S016,1049
P0647,Product_647,groceries,HUL,S044,713
P0648,Product_648,Bakery,Britannia,S004,2292
P0649,Product_649,Bakery,Dabur,S019,915
P0650,Product_650,groceries,Nestle,S002,1364
P0651,Product_651,Beverages,Nestlé,S030,1581
P0652,Product_652,Bakery,Patanjali,S050,2263
P0653,Product_653,Frozen,HUL,S019,1800
P0654,Product_654,Stationery,Nestlé,S011,278
P0655,Product_655,Household,Amul,S037,715
P0656,Product_656,Bakery,Amul,S036,2461
P0657,Product_657,Snacks,HUL,S028,917
P0658,Product_658,Frozen,Patanjali,S040,227
P0659,Product_659,Groceries,Britannia,S012,1879
P0660,Product_660,Groceries,Nestlé,S024,774
P0661,Product_661,Household,Dabur,S039,121
P0662,Product_662,Snacks,Dabur,S030,2301
P0663,Product_663,Stationery,Amul,S037,1559
P0664,Product_664,Household,Nestle,S001,2037
P0665,Product_665,Personal Care,Dabur,S024,555
P0666,Product_666,Snacks,HUL,S026,2225
P0667,Product_667,Beverages,Nestlé,S017,2007
P0668,Product_668,Stationery,Patanjali,S003,1514
P0669,Product_669,Snacks,,S001,2451
P0670,Product_670,Household,Nestlé,S005,1375
P0671,Product_671,groceries,Nestlé,S023,893
P0672,Product_672,Frozen,,S025,1182
P0673,Product_673,groceries,Patanjali,S035,1716
P0674,Product_674,Groceries,Amul,S021,155
P0675,Product_675,Frozen,Patanjali,S028,1625
P0676,Product_676,Stationery,Dabur,S028,136
P0677,Product_677,Household,HUL,S038,1975
P0678,Product_678,Stationery,amul,S006,1872
P0679,Product_679,Frozen,Patanjali,S004,716
P0680,Product_680,Groceries,Dabur,S001,1883
P0681,Product_681,Bakery,Britannia,S047,377
P0682,Product_682,Frozen,Patanjali,S034,569
P0683,Product_683,Stationery,Nestle,S003,2246
P0684,Product_684,Personal Care,Britannia,S005,135
P0685,Product_685,Bakery,HUL,S017,1241
P0686,Product_686,Dairy,Patanjali,S028,1255
P0687,Product_687,groceries,,S003,887
P0688,Product_688,Groceries,Amul,S042,1989
P0689,Product_689,Personal Care,Patanjali,S016,995
P0690,Product_690,Beverages,Nestlé,S015,1101
P0691,Product_691,groceries,HUL,S014,1611
P0692,Product_692,Snacks,Patanjali,S004,2122
P0693,Product_693,groceries,amul,S038,1572
P0694,Product_694,Bakery,Dabur,S048,1803
P0695,Product_695,Groceries,amul,S019,1541
P0696,Product_696,Household,HUL,S034,1965
P0697,Product_697,Stationery,HUL,S039,2224
P0698,Product_698,Snacks,HUL,S013,581
P0699,Product_699,Snacks,,S019,797
P0700,Product_700,Personal Care,Dabur,S022,676
P0701,Product_701,Dairy,Patanjali,S019,924
P0702,Product_702,Personal Care,amul,S008,2373
P0703,Product_703,Beverages,Patanjali,S029,1053
P0704,Product_704,Personal Care,Dabur,S016,110
P0705,Product_705,Frozen,Nestlé,S046,1767
P0706,Product_706,Personal Care,Nestle,S032,1227
P0707,Product_707,Frozen,Britannia,S018,2081
P0708,Product_708,Frozen,Britannia,S029,690
P0709,Product_709,Dairy,Nestlé,S049,253
P0710,Product_710,Snacks,Nestle,S025,451
P0711,Product_711,Household,Patanjali,S032,2215
P0712,Product_712,Stationery,,S008,1553
P0713,Product_713,Stationery,,S005,2231
P0714,Product_714,Household,,S043,1424
P0715,Product_715,Bakery,amul,S050,733
P0716,Product_716,groceries,Britannia,S036,2128
P0717,Product_717,Beverages,HUL,S043,1277
P0718,Product_718,Dairy,,S003,612
P0719,Product_719,Beverages,Amul,S029,1706
P0720,Product_720,Bakery,Patanjali,S016,2266
P0721,Product_721,Bakery,Dabur,S025,1907
P0722,Product_722,Bakery,,S010,92
P0723,Product_723,groceries,Amul,S048,1684
P0724,Product_724,Groceries,Nestlé,S040,2381
P0725,Product_725,Household,Dabur,S047,2077
P0726,Product_726,Bakery,Britannia,S035,644
P0727,Product_727,Personal Care,Amul,S008,436
P0728,Product_728,Bakery,Dabur,S006,1005
P0729,Product_729,Stationery,amul,S003,2358
P0730,Product_730,Personal Care,Dabur,S001,2419
P0731,Product_731,Stationery,Nestlé,S015,1400
P0732,Product_732,Frozen,Nestle,S040,2484
P0733,Product_733,Frozen,amul,S003,1006
P0734,Product_734,Frozen,Dabur,S042,1587
P0735,Product_735,Beverages,Nestle,S036,2002
P0736,Product_736,Household,Nestle,S027,208
P0737,Product_737,Bakery,Patanjali,S010,2268
P0738,Product_738,Bakery,Patanjali,S039,428
P0739,Product_739,Frozen,amul,S044,1455
P0740,Product_740,groceries,,S037,822
P0741,Product_741,Stationery,Amul,S012,2342
P0742,Product_742,Snacks,Britannia,S045,2016
P0743,Product_743,Household,Nestlé,S031,446
P0744,Product_744,Snacks,Nestle,S014,1275
P0745,Product_745,Groceries,Patanjali,S023,1623
P0746,Product_746,Household,,S016,646
P0747,Product_747,Frozen,Amul,S032,2250
P0748,Product_748,Stationery,Dabur,S032,439
P0749,Product_749,Dairy,Britannia,S021,496
P0750,Product_750,Personal Care,Nestle,S026,2178
P0751,Product_751,Groceries,Patanjali,S008,2271
P0752,Product_752,Stationery,Britannia,S001,1631
P0753,Product_753,Groceries,amul,S019,448
P0754,Product_754,Beverages,,S049,1332
P0755,Product_755,Stationery,amul,S018,1813
P0756,Product_756,Snacks,Nestle,S048,2445
P0757,Product_757,Groceries,Britannia,S045,102
P0758,Product_758,Groceries,Britannia,S048,1121
P0759,Product_759,Groceries,HUL,S014,2189
P0760,Product_760,Bakery,Patanjali,S030,2436
P0761,Product_761,Groceries,Britannia,S024,1761
P0762,Product_762,Personal Care,,S019,1281
P0763,Product_763,Snacks,Dabur,S050,2174
P0764,Product_764,Household,HUL,S011,1815
P0765,Product_765,Beverages,Amul,S028,806
P0766,Product_766,Personal Care,Patanjali,S034,1975
P0767,Product_767,Personal Care,Amul,S016,81
P0768,Product_768,Household,Britannia,S010,1685
P0769,Product_769,Dairy,Nestle,S012,2282
P0770,Product_770,Personal Care,Britannia,S017,118
P0771,Product_771,Beverages,Dabur,S015,341
P0772,Product_772,Frozen,Dabur,S020,1897
P0773,Product_773,groceries,amul,S003,2415
P0774,Product_774,Frozen,Nestlé,S050,1074
P0775,Product_775,Bakery,Nestlé,S011,394
P0776,Product_776,Frozen,Nestle,S023,1651
P0777,Product_777,Household,Amul,S036,441
P0778,Product_778,Dairy,amul,S029,2309
P0779,Product_779,Personal Care,Patanjali,S005,1747
P0780,Product_780,Household,Dabur,S001,902
P0781,Product_781,Household,Patanjali,S013,1634
P0782,Product_782,Household,amul,S023,1985
P0783,Product_783,Bakery,Patanjali,S006,710
P0784,Product_784,Snacks,Nestlé,S022,722
P0785,Product_785,groceries,Nestlé,S038,688
P0786,Product_786,Dairy,amul,S006,333
P0787,Product_787,Household,Amul,S020,1085
P0788,Product_788,Household,Nestlé,S046,1940
P0789,Product_789,Dairy,Dabur,S027,492
P0790,Product_790,Bakery,Amul,S005,2217
P0791,Product_791,Beverages,Britannia,S008,1962
P0792,Product_792,Bakery,Nestlé,S040,573
P0793,Product_793,Beverages,,S008,536
P0794,Product_794,Snacks,Nestlé,S026,2226
P0795,Product_795,Household,Nestlé,S042,2383
P0796,Product_796,Frozen,Nestlé,S013,312
P0797,Product_797,Groceries,amul,S019,484
P0798,Product_798,Bakery,Nestle,S013,1700
P0799,Product_799,Personal Care,Nestlé,S020,1956
P0800,Product_800,Stationery,Britannia,S003,1045
P0801,Product_801,Snacks,HUL,S027,119
P0802,Product_802,Groceries,HUL,S027,214
P0803,Product_803,Personal Care,Patanjali,S030,1446
P0804,Product_804,Bakery,Dabur,S016,889
P0805,Product_805,Household,amul,S043,1970
P0806,Product_806,Frozen,Nestle,S036,750
P0807,Product_807,groceries,HUL,S040,1035
P0808,Product_808,Household,Amul,S034,1593
P0809,Product_809,Snacks,Britannia,S020,325
P0810,Product_810,groceries,amul,S046,1091
P0811,Product_811,Household,Nestlé,S035,1999
P0812,Product_812,Stationery,amul,S041,1236
P0813,Product_813,Bakery,HUL,S035,265
P0814,Product_814,Frozen,Britannia,S011,2392
P0815,Product_815,Bakery,Nestle,S047,443
P0816,Product_816,Dairy,,S019,1322
P0817,Product_817,Stationery,amul,S014,2425
P0818,Product_818,Beverages,amul,S010,1521
P0819,Product_819,Groceries,amul,S037,1414
P0820,Product_820,Dairy,HUL,S048,1608
P0821,Product_821,groceries,Britannia,S042,1116
P0822,Product_822,Personal Care,Amul,S014,1956
P0823,Product_823,Household,Amul,S005,1622
P0824,Product_824,Snacks,amul,S039,1861
P0825,Product_825,groceries,HUL,S026,752
P0826,Product_826,Dairy,,S017,272
P0827,Product_827,Groceries,amul,S038,691
P0828,Product_828,Household,Dabur,S024,29
P0829,Product_829,Beverages,Patanjali,S012,804
P0830,Product_830,Snacks,Nestlé,S002,653
P0831,Product_831,Dairy,Nestle,S017,814
P0832,Product_832,Personal Care,Nestle,S042,1290
P0833,Product_833,Frozen,Amul,S009,828
P0834,Product_834,Stationery,Nestlé,S016,2025
P0835,Product_835,Frozen,Patanjali,S039,1964
P0836,Product_836,groceries,Britannia,S008,1417
P0837,Product_837,Bakery,Dabur,S033,256
P0838,Product_838,Frozen,Nestlé,S048,1605
P0839,Product_839,Household,Britannia,S046,1716
P0840,Product_840,Bakery,amul,S025,189
P0841,Product_841,Personal Care,Nestlé,S002,1846
P0842,Product_842,Snacks,Amul,S006,722
P0843,Product_843,Beverages,Dabur,S028,36
P0844,Product_844,Personal Care,Patanjali,S026,140
P0845,Product_845,Snacks,Britannia,S044,803
P0846,Product_846,Stationery,,S041,516
P0847,Product_847,Snacks,Amul,S012,1951
P0848,Product_848,groceries,Amul,S040,2235
P0849,Product_849,Stationery,Britannia,S024,55
P0850,Product_850,Bakery,Britannia,S029,348
P0851,Product_851,Personal Care,Patanjali,S049,1090
P0852,Product_852,Dairy,amul,S011,670
P0853,Product_853,Household,Britannia,S037,636
P0854,Product_854,Snacks,Patanjali,S045,924
P0855,Product_855,Frozen,,S006,1374
P0856,Product_856,Groceries,,S033,1235
P0857,Product_857,Personal Care,Nestle,S039,509
P0858,Product_858,Dairy,Nestle,S005,1393
P0859,Product_859,Groceries,amul,S047,473
P0860,Product_860,Snacks,,S027,1785
P0861,Product_861,Personal Care,Britannia,S028,1101
P0862,Product_862,Personal Care,,S015,2388
P0863,Product_863,Personal Care,Dabur,S014,442
P0864,Product_864,Frozen,Britannia,S021,280
P0865,Product_865,Bakery,HUL,S027,1303
P0866,Product_866,Frozen,Patanjali,S001,1473
P0867,Product_867,Bakery,Patanjali,S009,98
P0868,Product_868,Snacks,HUL,S038,1214
P0869,Product_869,Beverages,Amul,S022,434
P0870,Product_870,Household,,S025,239
P0871,Product_871,Snacks,Nestlé,S011,1997
P0872,Product_872,Dairy,amul,S041,1449
P0873,Product_873,Snacks,Britannia,S015,625
P0874,Product_874,Bakery,Britannia,S047,1150
P0875,Product_875,Household,Amul,S034,2382
P0876,Product_876,Household,,S040,1707
P0877,Product_877,Frozen,amul,S027,722
P0878,Product_878,Dairy,Britannia,S011,2256
P0879,Product_879,Beverages,amul,S032,2416
P0880,Product_880,Bakery,amul,S045,1527
P0881,Product_881,Groceries,,S020,2026
P0882,Product_882,Beverages,amul,S022,2008
P0883,Product_883,groceries,amul,S001,1926
P0884,Product_884,Bakery,Nestlé,S002,357
P0885,Product_885,Dairy,Amul,S048,2137
P0886,Product_886,Dairy,,S031,2181
P0887,Product_887,Groceries,HUL,S034,1172
P0888,Product_888,Stationery,,S007,824
P0889,Product_889,groceries,Dabur,S045,259
P0890,Product_890,Dairy,Britannia,S026,473
P0891,Product_891,Snacks,Nestlé,S047,314
P0892,Product_892,Frozen,amul,S026,1497
P0893,Product_893,Bakery,amul,S008,2419
P0894,Product_894,Stationery,Nestle,S022,380
P0895,Product_895,Snacks,amul,S041,1265
P0896,Product_896,Snacks,amul,S016,2269
P0897,Product_897,Stationery,HUL,S029,2136
P0898,Product_898,Household,Nestle,S003,717
P0899,Product_899,Snacks,Patanjali,S007,1455
P0900,Product_900,Household,,S037,248
P0901,Product_901,Personal Care,Britannia,S020,669
P0902,Product_902,Frozen,Nestlé,S005,1814
P0903,Product_903,Household,Nestlé,S041,743
P0904,Product_904,groceries,Nestlé,S005,1600
P0905,Product_905,Snacks,amul,S036,1153
P0906,Product_906,Dairy,Amul,S026,791
P0907,Product_907,Dairy,Dabur,S021,1404
P0908,Product_908,Groceries,HUL,S031,2149
P0909,Product_909,Stationery,HUL,S031,1059
P0910,Product_910,Personal Care,Dabur,S009,815
P0911,Product_911,Bakery,,S006,1078
P0912,Product_912,Snacks,Patanjali,S030,1541
P0913,Product_913,Bakery,amul,S029,2340
P0914,Product_914,Frozen,Dabur,S047,2063
P0915,Product_915,Groceries,Nestle,S006,1065
P0916,Product_916,Beverages,Amul,S009,166
P0917,Product_917,Household,Britannia,S025,998
P0918,Product_918,Beverages,Britannia,S045,1076
P0919,Product_919,Groceries,Dabur,S049,84
P0920,Product_920,Snacks,amul,S038,1174
P0921,Product_921,Beverages,Amul,S050,1692
P0922,Product_922,Frozen,Amul,S022,505
P0923,Product_923,Stationery,Patanjali,S035,1189
P0924,Product_924,Bakery,Amul,S047,157
P0925,Product_925,Snacks,amul,S010,357
P0926,Product_926,Frozen,Britannia,S003,1836
P0927,Product_927,Household,HUL,S047,1056
P0928,Product_928,Groceries,Dabur,S005,512
P0929,Product_929,Groceries,Nestle,S004,1845
P0930,Product_930,Snacks,Amul,S003,1536
P0931,Product_931,Personal Care,Nestle,S028,846
P0932,Product_932,Beverages,HUL,S033,1402
P0933,Product_933,Bakery,,S015,259
P0934,Product_934,Dairy,Amul,S001,1580
P0935,Product_935,Groceries,Amul,S040,1968
P0936,Product_936,Frozen,,S014,956
P0937,Product_937,Groceries,,S040,2166
P0938,Product_938,groceries,Amul,S035,452
P0939,Product_939,Beverages,amul,S027,1339
P0940,Product_940,Snacks,,S010,893
P0941,Product_941,Personal Care,Amul,S041,747
P0942,Product_942,Dairy,Patanjali,S020,2378
P0943,Product_943,Household,Dabur,S034,1626
P0944,Product_944,Personal Care,amul,S050,1965
P0945,Product_945,groceries,amul,S018,522
P0946,Product_946,Groceries,Dabur,S017,2053
P0947,Product_947,Beverages,Amul,S039,373
P0948,Product_948,Frozen,Patanjali,S009,1493
P0949,Product_949,Frozen,Patanjali,S009,1975
P0950,Product_950,Bakery,,S032,870
P0951,Product_951,Beverages,amul,S013,1259
P0952,Product_952,groceries,Nestlé,S035,1726
P0953,Product_953,Frozen,amul,S020,2252
P0954,Product_954,Snacks,amul,S031,736
P0955,Product_955,Beverages,,S018,1175
P0956,Product_956,Frozen,Nestlé,S037,1331
P0957,Product_957,Groceries,Britannia,S016,608
P0958,Product_958,groceries,HUL,S015,2082
P0959,Product_959,Beverages,Dabur,S042,1326
P0960,Product_960,Beverages,amul,S023,2420
P0961,Product_961,Household,Amul,S028,1667
P0962,Product_962,Bakery,Amul,S031,964
P0963,Product_963,Stationery,Dabur,S008,1222
P0964,Product_964,Beverages,Britannia,S050,2410
P0965,Product_965,groceries,Britannia,S035,1830
P0966,Product_966,Stationery,Britannia,S046,2024
P0967,Product_967,Groceries,Britannia,S011,1146
P0968,Product_968,Personal Care,HUL,S034,2306
P0969,Product_969,Dairy,Nestle,S020,2242
P0970,Product_970,Bakery,,S017,1432
P0971,Product_971,Frozen,HUL,S012,734
P0972,Product_972,Frozen,HUL,S050,336
P0973,Product_973,Snacks,,S007,587
P0974,Product_974,Stationery,Nestlé,S047,657
P0975,Product_975,Household,Nestle,S047,288
P0976,Product_976,Snacks,HUL,S030,641
P0977,Product_977,Groceries,Nestlé,S010,426
P0978,Product_978,Beverages,Dabur,S045,1589
P0979,Product_979,Household,Patanjali,S042,213
P0980,Product_980,Beverages,Britannia,S013,1950
P0981,Product_981,Groceries,Nestlé,S015,2204
P0982,Product_982,groceries,HUL,S014,392
P0983,Product_983,Dairy,,S007,1280
P0984,Product_984,Personal Care,Britannia,S049,1768
P0985,Product_985,Beverages,HUL,S019,1592
P0986,Product_986,Personal Care,Dabur,S013,2129
P0987,Product_987,Frozen,HUL,S044,976
P0988,Product_988,Household,Nestle,S011,2086
P0989,Product_989,groceries,Britannia,S039,2078
P0990,Product_990,Frozen,HUL,S012,182
P0991,Product_991,Household,Nestlé,S005,1719
P0992,Product_992,Beverages,HUL,S017,982
P0993,Product_993,Personal Care,Patanjali,S004,605
P0994,Product_994,Groceries,Dabur,S004,2284
P0995,Product_995,Stationery,Dabur,S004,672
P0996,Product_996,Beverages,Nestlé,S034,1415
P0997,Product_997,Dairy,Patanjali,S043,197
P0998,Product_998,Beverages,amul,S001,1905
P0999,Product_999,Snacks,Dabur,S010,1170
P1000,Product_1000,Frozen,Nestlé,S025,1223
P1001,Product_1001,Snacks,amul,S012,2027
P1002,Product_1002,Household,Dabur,S026,1610
P1003,Product_1003,Frozen,Nestlé,S006,1121
P1004,Product_1004,Dairy,amul,S045,64
P1005,Product_1005,Dairy,Amul,S010,296
P1006,Product_1006,Dairy,Patanjali,S018,1997
P1007,Product_1007,Household,Amul,S020,2462
P1008,Product_1008,Household,Britannia,S028,1711
P1009,Product_1009,Groceries,,S014,1453
P1010,Product_1010,Personal Care,Nestlé,S010,406
P1011,Product_1011,Dairy,Nestle,S025,2038
P1012,Product_1012,groceries,Nestlé,S032,2357
P1013,Product_1013,Household,,S009,245
P1014,Product_1014,Stationery,Dabur,S017,2273
P1015,Product_1015,Frozen,,S050,1645
P1016,Product_1016,Stationery,amul,S015,2352
P1017,Product_1017,Personal Care,Amul,S016,2420
P1018,Product_1018,Personal Care,Nestlé,S023,572
P1019,Product_1019,Snacks,amul,S022,705
P1020,Product_1020,Frozen,Nestle,S039,195
P1021,Product_1021,Beverages,Patanjali,S024,1035
P1022,Product_1022,Beverages,HUL,S038,1815
P1023,Product_1023,Beverages,Nestle,S001,2066
P1024,Product_1024,Dairy,HUL,S008,1635
P1025,Product_1025,Snacks,Patanjali,S009,1939
P1026,Product_1026,groceries,Britannia,S005,243
P1027,Product_1027,Stationery,amul,S002,2490
P1028,Product_1028,Frozen,Patanjali,S007,257
P1029,Product_1029,Snacks,Nestlé,S001,1101
P1030,Product_1030,Household,Dabur,S043,1759
P1031,Product_1031,Household,Amul,S023,1742
P1032,Product_1032,Frozen,Dabur,S039,1241
P1033,Product_1033,Beverages,Britannia,S033,2344
P1034,Product_1034,Bakery,,S015,371
P1035,Product_1035,Dairy,Britannia,S027,1576
P1036,Product_1036,Stationery,,S027,1155
P1037,Product_1037,Bakery,HUL,S046,1900
P1038,Product_1038,Personal Care,Nestlé,S022,1828
P1039,Product_1039,Dairy,Nestle,S041,1208
P1040,Product_1040,Household,HUL,S032,2348
P1041,Product_1041,Personal Care,amul,S003,1349
P1042,Product_1042,Stationery,Nestle,S044,2099
P1043,Product_1043,groceries,Dabur,S044,471
P1044,Product_1044,Snacks,Dabur,S045,426
P1045,Product_1045,Beverages,Dabur,S011,162
P1046,Product_1046,groceries,Patanjali,S037,1800
P1047,Product_1047,Groceries,amul,S022,382
P1048,Product_1048,Dairy,amul,S006,523
P1049,Product_1049,groceries,Amul,S045,2213
P1050,Product_1050,Groceries,amul,S014,1129
P1051,Product_1051,Beverages,Dabur,S048,843
P1052,Product_1052,Stationery,Dabur,S033,678
P1053,Product_1053,Frozen,HUL,S012,2322
P1054,Product_1054,Snacks,Amul,S044,1051
P1055,Product_1055,groceries,Nestlé,S032,1977
P1056,Product_1056,Bakery,Britannia,S033,2026
P1057,Product_1057,Household,Patanjali,S017,671
P1058,Product_1058,Frozen,Nestle,S028,2479
P1059,Product_1059,Groceries,amul,S033,517
P1060,Product_1060,groceries,Amul,S009,110
P1061,Product_1061,Groceries,HUL,S035,1401
P1062,Product_1062,Frozen,Dabur,S044,1423
P1063,Product_1063,Snacks,Nestle,S045,1581
P1064,Product_1064,Stationery,amul,S018,313
P1065,Product_1065,Bakery,Dabur,S046,677
P1066,Product_1066,Household,Amul,S003,1475
P1067,Product_1067,Personal Care,Patanjali,S020,1079
P1068,Product_1068,Personal Care,HUL,S016,1314
P1069,Product_1069,groceries,Nestle,S008,993
P1070,Product_1070,Household,,S008,231
P1071,Product_1071,Household,,S022,1755
P1072,Product_1072,Frozen,Patanjali,S041,790
P1073,Product_1073,Groceries,Amul,S047,2026
P1074,Product_1074,Beverages,Amul,S019,453
P1075,Product_1075,Stationery,Amul,S027,2197
P1076,Product_1076,Bakery,HUL,S016,2260
P1077,Product_1077,Personal Care,HUL,S009,528
P1078,Product_1078,Frozen,HUL,S016,1115
P1079,Product_1079,groceries,Dabur,S013,1567
P1080,Product_1080,groceries,HUL,S015,1429
P1081,Product_1081,Beverages,Dabur,S010,980
P1082,Product_1082,Household,amul,S047,380
P1083,Product_1083,Dairy,Amul,S023,246
P1084,Product_1084,Household,Nestle,S040,613
P1085,Product_1085,Groceries,HUL,S024,527
P1086,Product_1086,Stationery,HUL,S021,1287
P1087,Product_1087,Stationery,Dabur,S021,438
P1088,Product_1088,Frozen,Amul,S005,1904
P1089,Product_1089,Personal Care,Amul,S045,1229
P1090,Product_1090,Household,Britannia,S002,875
P1091,Product_1091,Personal Care,Britannia,S047,2004
P1092,Product_1092,Dairy,Dabur,S045,897
P1093,Product_1093,Bakery,HUL,S026,1569
P1094,Product_1094,Bakery,Nestle,S040,604
P1095,Product_1095,Snacks,HUL,S031,2077
P1096,Product_1096,Frozen,HUL,S036,1258
P1097,Product_1097,Frozen,amul,S005,263
P1098,Product_1098,Stationery,amul,S009,523
P1099,Product_1099,groceries,Amul,S001,827
P1100,Product_1100,Personal Care,,S038,1468
P1101,Product_1101,Beverages,Britannia,S032,520
P1102,Product_1102,Groceries,,S045,91
P1103,Product_1103,Household,Britannia,S035,838
P1104,Product_1104,Groceries,amul,S045,2145
P1105,Product_1105,Household,Amul,S028,2388
P1106,Product_1106,Stationery,Amul,S003,342
P1107,Product_1107,Personal Care,Amul,S006,291
P1108,Product_1108,Household,,S043,2453
P1109,Product_1109,Stationery,amul,S017,2099
P1110,Product_1110,Beverages,HUL,S026,1668
P1111,Product_1111,Bakery,Britannia,S043,2347
P1112,Product_1112,groceries,Dabur,S021,386
P1113,Product_1113,Beverages,Patanjali,S024,2080
P1114,Product_1114,Groceries,,S043,1558
P1115,Product_1115,Personal Care,Patanjali,S023,65
P1116,Product_1116,Frozen,Patanjali,S010,472
P1117,Product_1117,Bakery,Amul,S003,472
P1118,Product_1118,Personal Care,,S005,1624
P1119,Product_1119,Beverages,Britannia,S036,1659
P1120,Product_1120,Stationery,,S020,922
P1121,Product_1121,groceries,Patanjali,S034,437
P1122,Product_1122,Beverages,Nestle,S021,1359
P1123,Product_1123,Personal Care,,S040,904
P1124,Product_1124,Bakery,amul,S043,2190
P1125,Product_1125,Household,,S033,1071
P1126,Product_1126,Snacks,Nestle,S043,1702
P1127,Product_1127,Stationery,amul,S018,1794
P1128,Product_1128,Frozen,Nestlé,S015,2200
P1129,Product_1129,Frozen,Patanjali,S001,64
P1130,Product_1130,Beverages,Amul,S029,76
P1131,Product_1131,Groceries,Britannia,S038,439
P1132,Product_1132,Bakery,,S034,1021
P1133,Product_1133,Bakery,Nestlé,S039,1038
P1134,Product_1134,Dairy,Dabur,S007,2434
P1135,Product_1135,groceries,Patanjali,S019,1372
P1136,Product_1136,Frozen,,S002,976
P1137,Product_1137,Snacks,Nestlé,S004,1074
P1138,Product_1138,Frozen,,S024,1588
P1139,Product_1139,Snacks,Nestle,S037,994
P1140,Product_1140,Beverages,Britannia,S028,419
P1141,Product_1141,Beverages,amul,S030,1764
P1142,Product_1142,Beverages,Patanjali,S003,1118
P1143,Product_1143,Household,Nestle,S049,392
P1144,Product_1144,Groceries,Amul,S033,2043
P1145,Product_1145,Personal Care,amul,S048,1965
P1146,Product_1146,Stationery,Nestlé,S016,1717
P1147,Product_1147,groceries,Britannia,S045,151
P1148,Product_1148,Stationery,Dabur,S007,36
P1149,Product_1149,Stationery,Nestle,S015,2063
P1150,Product_1150,Household,,S012,949
P1151,Product_1151,Groceries,Amul,S047,1494
P1152,Product_1152,Beverages,amul,S010,1888
P1153,Product_1153,Household,Amul,S026,1973
P1154,Product_1154,Dairy,HUL,S040,497
P1155,Product_1155,Household,Nestle,S011,1770
P1156,Product_1156,Bakery,HUL,S016,2186
P1157,Product_1157,Bakery,amul,S050,2113
P1158,Product_1158,Beverages,amul,S009,1775
P1159,Product_1159,Beverages,,S035,2065
P1160,Product_1160,Frozen,amul,S023,850
P1161,Product_1161,Snacks,Nestlé,S008,1961
P1162,Product_1162,Bakery,amul,S012,1634
P1163,Product_1163,Bakery,,S035,1156
P1164,Product_1164,Household,,S013,630
P1165,Product_1165,Household,Nestlé,S010,1785
P1166,Product_1166,Stationery,Dabur,S040,746
P1167,Product_1167,Household,Amul,S013,287
P1168,Product_1168,Beverages,Dabur,S028,338
P1169,Product_1169,Groceries,Patanjali,S043,1181
P1170,Product_1170,Household,Dabur,S023,111
P1171,Product_1171,groceries,Dabur,S034,1991
P1172,Product_1172,groceries,amul,S023,281
P1173,Product_1173,groceries,HUL,S024,1894
P1174,Product_1174,Groceries,Nestle,S032,878
P1175,Product_1175,groceries,Amul,S019,2144
P1176,Product_1176,Stationery,HUL,S004,548
P1177,Product_1177,Stationery,Dabur,S025,395
P1178,Product_1178,Frozen,Nestle,S009,897
P1179,Product_1179,Groceries,amul,S026,940
P1180,Product_1180,Personal Care,Dabur,S042,833
P1181,Product_1181,Snacks,Dabur,S036,200
P1182,Product_1182,Groceries,Britannia,S032,1834
P1183,Product_1183,Household,Patanjali,S002,744
P1184,Product_1184,Household,Dabur,S003,1319
P1185,Product_1185,Household,Nestle,S033,2090
P1186,Product_1186,Stationery,Amul,S026,1333
P1187,Product_1187,Snacks,Dabur,S026,917
P1188,Product_1188,Bakery,HUL,S044,1382
P1189,Product_1189,Stationery,Patanjali,S034,1910
P1190,Product_1190,Beverages,,S027,2307
P1191,Product_1191,Beverages,HUL,S035,1522
P1192,Product_1192,Dairy,Dabur,S001,2024
P1193,Product_1193,Dairy,HUL,S021,1710
P1194,Product_1194,Frozen,HUL,S004,1819
P1195,Product_1195,Stationery,Nestle,S001,1644
P1196,Product_1196,Household,amul,S003,1637
P1197,Product_1197,Bakery,HUL,S027,1824
P1198,Product_1198,Groceries,Nestlé,S012,54
P1199,Product_1199,Dairy,Patanjali,S044,1224
P1200,Product_1200,Snacks,Dabur,S039,2371
P0080,Product_80,Frozen,Britannia,S012,1378
P0396,Product_396,Household,Nestle,S034,690
P0064,Product_64,Household,amul,S036,589
P0538,Product_538,Personal Care,Britannia,S045,1986
P0272,Product_272,Personal Care,Nestle,S016,1433
P1039,Product_1039,Dairy,Nestle,S041,1208
P0415,Product_415,Snacks,Patanjali,S035,1247
P0781,Product_781,Household,Patanjali,S013,1634
P1189,Product_1189,Stationery,Patanjali,S034,1910
P0107,Product_107,Stationery,Patanjali,S025,2390
P1088,Product_1088,Frozen,Amul,S005,1904
P0169,Product_169,Household,Nestlé,S020,2068
P1193,Product_1193,Dairy,HUL,S021,1710
P1133,Product_1133,Bakery,Nestlé,S039,1038
P0001,Product_1,Beverages,Patanjali,S023,1720
P0216,Product_216,Frozen,amul,S011,557
P0824,Product_824,Snacks,amul,S039,1861
P0779,Product_779,Personal Care,Patanjali,S005,1747
P0871,Product_871,Snacks,Nestlé,S011,1997
P0711,Product_711,Household,Patanjali,S032,2215
